id,name,core.type,core.groupPath,core.simulated,core.activePeriod,core.model,core.address.street_address,core.address.city,core.address.zipcode,core.address.country,core.labels,coords.type,coords.coordinates,_groupId,_groupsTree,attributes.installDate,attributes.productId,attributes.swVersion,attributes.model,attributes.serialNumber,attributes.hwVersion,attributes.manufacturingDate,attributes.brandId,configuration.controllerStrId,configuration.auth.method,configuration.auth.username,configuration.auth.password,configuration.url,configuration.cmsAuth.method,configuration.cmsAuth.username,configuration.cmsAuth.password,configuration.cmsUrl,configuration.EverywareMqttBrokerUrl,configuration.EverywareApiUrl,configuration.EverywareAccountName,configuration.EverywareUsername,configuration.EverywarePassword,configuration.EverywareMqttUsername,configuration.EverywareMqttPassword,configuration.MacAddress,configuration.ReportFrequency,configuration.serialId,attributes.siteId,attributes.url,attributes.format,attributes.orientation,attributes.refreshPeriod,attributes.accessTime,attributes.commSupervision,attributes.manufacturer,attributes.authMethod,attributes.connectorType,attributes.powerType,attributes.energyMaintenanceFreq,attributes.energyMaintenanceDate,attributes.energyManufacturingDate,attributes.energyInstallStatus,attributes.energyTypeId,configuration.totalPowerHighThreshold,configuration.totalPowerLowThreshold,configuration.powerfactorThreshold,configuration.phase1PowerfactorLowThreshold,configuration.phase2PowerfactorLowThreshold,configuration.phase3PowerfactorLowThreshold,configuration.supplyVoltageHighThreshold,configuration.supplyVoltageLowThreshold,configuration.phase1VoltageHighThreshold,configuration.phase1VoltageLowThreshold,configuration.phase2VoltageHighThreshold,configuration.phase2VoltageLowThreshold,configuration.phase3VoltageHighThreshold,configuration.phase3VoltageLowThreshold,configuration.totalCurrentHighThreshold,configuration.totalCurrentLowThreshold,configuration.phase1CurrentHighThreshold,configuration.phase1CurrentLowThreshold,configuration.phase2CurrentHighThreshold,configuration.phase2CurrentLowThreshold,configuration.phase3CurrentHighThreshold,configuration.phase3CurrentLowThreshold,configuration.phase1ActivePowerHighThreshold,configuration.phase1ActivePowerLowThreshold,configuration.phase2ActivePowerHighThreshold,configuration.phase2ActivePowerLowThreshold,configuration.phase3ActivePowerHighThreshold,configuration.phase3ActivePowerLowThreshold,attributes.locationRef,configuration.temperatureHighThreshold,configuration.temperatureLowThreshold,configuration.fireDetectionThreshold,configuration.humidityHighThreshold,configuration.pm1HighThreshold,configuration.pm2-5HighThreshold,configuration.pm10HighThreshold,configuration.pressureHighThreshold,configuration.pressureLowThreshold,configuration.noiseHighThreshold,configuration.batteryLevelLowThreshold,configuration.wittiNodeName,configuration.wittiGatewayMacAddress,attributes.calendarName,attributes.lampMaintenanceFreq,attributes.lampMaintenanceDate,attributes.lampManufacturingDate,attributes.lampInstallDate,attributes.lampInstallStatus,attributes.lampFlux,attributes.lampLifeDuration,attributes.lampLifeDurationUnit,attributes.lampDesc,attributes.lampFullDesc,attributes.lampClass,attributes.lampWattage,attributes.lampDimmable,attributes.lampColorTemp,attributes.lampVoltage,attributes.ballastType,attributes.luminaireMaintenanceFreq,attributes.luminaireMaintenanceDate,attributes.luminaireManufacturingDate,attributes.luminaireInstallDate,attributes.luminaireInstallStatus,attributes.luminaireTypeId,attributes.luminaireDesc,attributes.luminaireFullDesc,attributes.luminaireLifeDuration,attributes.fixingMaintenanceFreq,attributes.fixingMaintenanceDate,attributes.fixingManufacturingDate,attributes.fixingInstallDate,attributes.fixingInstallStatus,attributes.fixingCode,attributes.fixingType,attributes.fixingDesc,attributes.fixingFullDesc,attributes.fixingLifeDuration,attributes.fixingLifeDurationUnit,deployment.comment,deployment.controllerScan,deployment.poleScan,deployment.controllerScanDate,deployment.controllerScanUser,configuration.idOnController,configuration.OffLuxLevel,configuration.OnLuxLevel,configuration.PowerFactorThreshold,configuration.LampType,configuration.lampPower,configuration.sensorMaintainTime,configuration.sensorClimbTime,configuration.sensorDescentTime,custom.jNXyTE0,custom.bBt2ePQy,configuration.levelHighThreshold,configuration.levelLowThreshold,attributes.totalWattage,attributes.height,attributes.altitude,deployment.sensorScan,deployment.assetScan,configuration.installStatus,configuration.temperatureAlarm,configuration.gyroxAlarm,configuration.gyroyAlarm,configuration.gyrozAlarm,configuration.accelxAlarm,configuration.accelyAlarm,configuration.accelzAlarm,configuration.lightThreshold,configuration.distanceThreshold,configuration.fillingHighThreshold,configuration.containerHeight
e018352f-74a4-45dd-9673-096bfea46d57,CapteurLum1,GenericSensor,Technicentre SNCF Mericourt/,false,,Witti [Light/Presence Sensor],,,,,[],Point,"[2.853903507906864,50.40626635204745]",,,,,,,,,,,,,,,,,,,,,,,,,,,,,,,,,,,,,,,,,,,,,,,,,,,,,,,,,,,,,,,,,,,,,,,,,,,,,,,,,,,,,,,6C:C3:74:85:62:32,,,,,,,,,,,,,,,,,,,,,,,,,,,,,,,,,,,,,,,,,,,,,,,,,,,,,,,,,,,,,,,,,,,,,,,,
1d83bac3-e5e4-45eb-a3f5-0614d0d8622b,CapteurLum2,GenericSensor,Technicentre SNCF Mericourt/,false,,Witti [Light/Presence Sensor],,,,,[],Point,"[2.8543414774463542,50.407078696369695]",,,,,,,,,,,,,,,,,,,,,,,,,,,,,,,,,,,,,,,,,,,,,,,,,,,,,,,,,,,,,,,,,,,,,,,,,,,,,,,,,,,,,,,,,,,,,,,,,,,,,,,,,,,,,,,,,,,,,,,,,,,,,,,,,,,,,,,,,,,,,,,,,,,,,,,,,,,,,,,
a70b26a6-0f39-4466-8773-f917aeac3d48,CapteurMov1,GenericSensor,Technicentre SNCF Mericourt/,false,,Witti [Light/Presence Sensor],,,,,[],Point,"[2.853852355153691,50.406360240445736]",,,,,,,,,,,,,,,,,,,,,,,,,,,,,,,,,,,,,,,,,,,,,,,,,,,,,,,,,,,,,,,,,,,,,,,,,,,,,,,,,,,,,,N11127025,2C:6B:7D:50:12:60,,,,,,,,,,,,,,,,,,,,,,,,,,,,,,,,,,,,,,,,,,,,,,,,,,,,,,,,,,,,,,,,,,,,,,,,
3abea9d0-0a83-4fd4-89e4-1209cb5227d6,CapteurMov2,GenericSensor,Technicentre SNCF Mericourt/,false,,Witti [Light/Presence Sensor],,,,,[],Point,"[2.853185175141874,50.406711309429]",,,,,,,,,,,,,,,,,,,,,,,,,,,,,,,,,,,,,,,,,,,,,,,,,,,,,,,,,,,,,,,,,,,,,,,,,,,,,,,,,,,,,,N2741593,2C:6B:7D:50:12:60,,,,,,,,,,,,,,,,,,,,,,,,,,,,,,,,,,,,,,,,,,,,,,,,,,,,,,,,,,,,,,,,,,,,,,,,
5aba5c2d-01cb-4d2f-8da8-c1cbaac3c7f6,CapteurMov3,GenericSensor,Technicentre SNCF Mericourt/,false,,Witti [Light/Presence Sensor],,,,,[],Point,"[2.853336604151224,50.40696022008899]",,,,,,,,,,,,,,,,,,,,,,,,,,,,,,,,,,,,,,,,,,,,,,,,,,,,,,,,,,,,,,,,,,,,,,,,,,,,,,,,,,,,,,N10666117,2C:6B:7D:50:12:60,,,,,,,,,,,,,,,,,,,,,,,,,,,,,,,,,,,,,,,,,,,,,,,,,,,,,,,,,,,,,,,,,,,,,,,,
ca116cf3-c2f9-4070-b064-ab37b452d94d,CapteurMov4,GenericSensor,Technicentre SNCF Mericourt/,false,,Witti [Light/Presence Sensor],,,,,[],Point,"[2.8538223734015276,50.40685930206814]",,,,,,,,,,,,,,,,,,,,,,,,,,,,,,,,,,,,,,,,,,,,,,,,,,,,,,,,,,,,,,,,,,,,,,,,,,,,,,,,,,,,,,N2406601,2C:6B:7D:50:12:60,,,,,,,,,,,,,,,,,,,,,,,,,,,,,,,,,,,,,,,,,,,,,,,,,,,,,,,,,,,,,,,,,,,,,,,,
05aa76f2-d2d8-404e-a7f8-47ba5c740771,CapteurMov5,GenericSensor,Technicentre SNCF Mericourt/,false,,Witti [Light/Presence Sensor],,,,,[],Point,"[2.853685375679163,50.40721445148964]",,,,,,,,,,,,,,,,,,,,,,,,,,,,,,,,,,,,,,,,,,,,,,,,,,,,,,,,,,,,,,,,,,,,,,,,,,,,,,,,,,,,,,N9055492,2C:6B:7D:50:12:60,,,,,,,,,,,,,,,,,,,,,,,,,,,,,,,,,,,,,,,,,,,,,,,,,,,,,,,,,,,,,,,,,,,,,,,,
2409e47e-6efa-430b-aaae-e682b719340e,CapteurMov6,GenericSensor,Technicentre SNCF Mericourt/,false,,Witti [Light/Presence Sensor],,,,,[],Point,"[2.8542294682930276,50.40711755184836]",,,,,,,,,,,,,,,,,,,,,,,,,,,,,,,,,,,,,,,,,,,,,,,,,,,,,,,,,,,,,,,,,,,,,,,,,,,,,,,,,,,,,,N11388888,2C:6B:7D:50:12:60,,,,,,,,,,,,,,,,,,,,,,,,,,,,,,,,,,,,,,,,,,,,,,,,,,,,,,,,,,,,,,,,,,,,,,,,
34f7f1a8-e1ae-41a4-a825-5b98ed74f78d,CapteurMov7,GenericSensor,Technicentre SNCF Mericourt/,false,,Witti [Light/Presence Sensor],,,,,[],Point,"[2.8547850885909725,50.40669348706672]",,,,,,,,,,,,,,,,,,,,,,,,,,,,,,,,,,,,,,,,,,,,,,,,,,,,,,,,,,,,,,,,,,,,,,,,,,,,,,,,,,,,,,N5790122,2C:6B:7D:50:12:60,,,,,,,,,,,,,,,,,,,,,,,,,,,,,,,,,,,,,,,,,,,,,,,,,,,,,,,,,,,,,,,,,,,,,,,,
f3f0a600-3de1-4bef-97d3-bdead8b993c3,CapteurMov8,GenericSensor,Technicentre SNCF Mericourt/,false,,Witti [Light/Presence Sensor],,,,,[],Point,"[2.8547030793972112,50.40660250128522]",,,,,,,,,,,,,,,,,,,,,,,,,,,,,,,,,,,,,,,,,,,,,,,,,,,,,,,,,,,,,,,,,,,,,,,,,,,,,,,,,,,,,,N539726,2C:6B:7D:50:12:60,,,,,,,,,,,,,,,,,,,,,,,,,,,,,,,,,,,,,,,,,,,,,,,,,,,,,,,,,,,,,,,,,,,,,,,,
1e599246-1d9d-49db-9fa5-63e7bf4ffa2b,GE Plafonnier 1,LightPoint,Technicentre SNCF Mericourt/,false,,Witti [Lamp],,,,,,Point,"[2.853256436964955,50.4067662841106]",,,,,,,,,,,,,,,,,,,,,,,,,,,,,,,,,,,,,,,,,,,,,,,,,,,,,,,,,,,,,,,,,,,,,,,,,,,,,,,,,,,,,,N9146468,2C:6B:7D:50:12:60,ON H24 100%,,,,2020-06-30T22:00:00.000Z,,21720,,,AKA-200,,,200,,5000,,,,,,,,,,,,,,,,,,,,,,,,,,,,,,,,,,7200,10,10,,N9146468,,,,,,,,,,,,,,,,,,,
5236e507-ec38-4849-a44e-92267f5db1b1,GE Plafonnier 2,LightPoint,Technicentre SNCF Mericourt/,false,,Witti [Lamp],,,,,,Point,"[2.853349287666987,50.40671982021493]",,,,,,,,,,,,,,,,,,,,,,,,,,,,,,,,,,,,,,,,,,,,,,,,,,,,,,,,,,,,,,,,,,,,,,,,,,,,,,,,,,,,,,N712446,2C:6B:7D:50:12:60,ON H24 100%,,,,2020-06-30T22:00:00.000Z,,21720,,,AKA-200,,,200,,5000,,,,,,,,,,,,,,,,,,,,,,,,,,,,,,,,,,7200,10,10,,N712446,,,,,,,,,,,,,,,,,,,
6d5e0363-a7c9-49ab-b3d3-bff204d96702,GE Plafonnier 3,LightPoint,Technicentre SNCF Mericourt/,false,,Witti [Lamp],,,,,,Point,"[2.8534327518617317,50.40667666562993]",,,,,,,,,,,,,,,,,,,,,,,,,,,,,,,,,,,,,,,,,,,,,,,,,,,,,,,,,,,,,,,,,,,,,,,,,,,,,,,,,,,,,,N6666316,2C:6B:7D:50:12:60,ON H24 100%,,,,2020-06-30T22:00:00.000Z,,21720,,,AKA-200,,,200,,5000,,,,,,,,,,,,,,,,,,,,,,,,,,,,,,,,,,7200,10,10,,N6666316,,,,,,,,,,,,,,,,,,,
56fe6aeb-b664-4cad-b631-3e02fdf0593d,GE Plafonnier 4,LightPoint,Technicentre SNCF Mericourt/,false,,Witti [Lamp],,,,,,Point,"[2.853533124274122,50.40663694240274]",,,,,,,,,,,,,,,,,,,,,,,,,,,,,,,,,,,,,,,,,,,,,,,,,,,,,,,,,,,,,,,,,,,,,,,,,,,,,,,,,,,,,,N14488440,2C:6B:7D:50:12:60,ON H24 100%,,,,2020-06-30T22:00:00.000Z,,21720,,,AKA-200,,,200,,5000,,,,,,,,,,,,,,,,,,,,,,,,,,,,,,,,,,7200,10,10,,N14488440,,,,,,,,,,,,,,,,,,,
f37fcc7b-9a67-44b3-9556-5d2c3e55b065,GE Plafonnier 5,LightPoint,Technicentre SNCF Mericourt/,false,,Witti [Lamp],,,,,,Point,"[2.853628987573927,50.406587488372224]",,,,,,,,,,,,,,,,,,,,,,,,,,,,,,,,,,,,,,,,,,,,,,,,,,,,,,,,,,,,,,,,,,,,,,,,,,,,,,,,,,,,,,N3339521,2C:6B:7D:50:12:60,ON H24 100%,,,,2020-06-30T22:00:00.000Z,,21720,,,AKA-200,,,200,,5000,,,,,,,,,,,,,,,,,,,,,,,,,,,,,,,,,,7200,10,10,,N3339521,,,,,,,,,,,,,,,,,,,
964d6ab6-21b4-4421-b86c-6255463d47a6,GE Plafonnier 6,LightPoint,Technicentre SNCF Mericourt/,false,,Witti [Lamp],,,,,,Point,"[2.8537194821746255,50.40653514838908]",,,,,,,,,,,,,,,,,,,,,,,,,,,,,,,,,,,,,,,,,,,,,,,,,,,,,,,,,,,,,,,,,,,,,,,,,,,,,,,,,,,,,,N2042712,2C:6B:7D:50:12:60,ON H24 100%,,,,2020-06-30T22:00:00.000Z,,21720,,,AKA-200,,,200,,5000,,,,,,,,,,,,,,,,,,,,,,,,,,,,,,,,,,7200,10,10,,N2042712,,,,,,,,,,,,,,,,,,,
3b23663b-3c83-48be-9dc1-601b059e2d66,GE Plafonnier 7,LightPoint,Technicentre SNCF Mericourt/,false,,Witti [Lamp],,,,,,Point,"[2.8538145984364007,50.40649006814539]",,,,,,,,,,,,,,,,,,,,,,,,,,,,,,,,,,,,,,,,,,,,,,,,,,,,,,,,,,,,,,,,,,,,,,,,,,,,,,,,,,,,,,N15126447,2C:6B:7D:50:12:60,ON H24 100%,,,,2020-06-30T22:00:00.000Z,,21720,,,AKA-200,,,200,,5000,,,,,,,,,,,,,,,,,,,,,,,,,,,,,,,,,,7200,10,10,,N15126447,,,,,,,,,,,,,,,,,,,
2c4b7fc6-8477-46d5-94dd-8382a3664c7a,GE Plafonnier 8,LightPoint,Technicentre SNCF Mericourt/,false,,Witti [Lamp],,,,,,Point,"[2.853893107223655,50.40644126046462]",,,,,,,,,,,,,,,,,,,,,,,,,,,,,,,,,,,,,,,,,,,,,,,,,,,,,,,,,,,,,,,,,,,,,,,,,,,,,,,,,,,,,,N11128188,2C:6B:7D:50:12:60,ON H24 100%,,,,2020-06-30T22:00:00.000Z,,21720,,,AKA-200,,,200,,5000,,,,,,,,,,,,,,,,,,,,,,,,,,,,,,,,,,7200,10,10,,N11128188,,,,,,,,,,,,,,,,,,,
2bcbb6eb-38fe-4dbd-8af7-fe8e65e1d2ab,GE Plafonnier 9,LightPoint,Technicentre SNCF Mericourt/,false,,Witti [Lamp],,,,,,Point,"[2.85398049777325,50.40639501382904]",,,,,,,,,,,,,,,,,,,,,,,,,,,,,,,,,,,,,,,,,,,,,,,,,,,,,,,,,,,,,,,,,,,,,,,,,,,,,,,,,,,,,,N3769650,2C:6B:7D:50:12:60,ON H24 100%,,,,2020-06-30T22:00:00.000Z,,21720,,,AKA-200,,,200,,5000,,,,,,,,,,,,,,,,,,,,,,,,,,,,,,,,,,7200,10,10,,N3769650,,,,,,,,,,,,,,,,,,,
2343c0a8-640d-4a12-83fb-9d05a8da1cbf,GE Plafonnier 10,LightPoint,Technicentre SNCF Mericourt/,false,,Witti [Lamp],,,,,,Point,"[2.854071997591717,50.406354640741995]",,,,,,,,,,,,,,,,,,,,,,,,,,,,,,,,,,,,,,,,,,,,,,,,,,,,,,,,,,,,,,,,,,,,,,,,,,,,,,,,,,,,,,N11322664,2C:6B:7D:50:12:60,ON H24 100%,,,,2020-06-30T22:00:00.000Z,,21720,,,AKA-200,,,200,,5000,,,,,,,,,,,,,,,,,,,,,,,,,,,,,,,,,,7200,10,10,,N11322664,,,,,,,,,,,,,,,,,,,
af4396c2-c01c-4ef5-a070-790ea528426b,GE Plafonnier 12,LightPoint,Technicentre SNCF Mericourt/,false,,Witti [Lamp],,,,,,Point,"[2.853465399572343,50.406959468550326]",,,,,,,,,,,,,,,,,,,,,,,,,,,,,,,,,,,,,,,,,,,,,,,,,,,,,,,,,,,,,,,,,,,,,,,,,,,,,,,,,,,,,,N9928622,2C:6B:7D:50:12:60,ON H24 100%,,,,2020-06-30T22:00:00.000Z,,21720,,,AKA-200,,,200,,5000,,,,,,,,,,,,,,,,,,,,,,,,,,,,,,,,,,7200,10,10,,N9928622,,,,,,,,,,,,,,,,,,,
16ec106b-c772-4764-a4dc-a1ef98a1dfed,GE Plafonnier 13,LightPoint,Technicentre SNCF Mericourt/,false,,Witti [Lamp],,,,,,Point,"[2.8533795688832413,50.406875705262905]",,,,,,,,,,,,,,,,,,,,,,,,,,,,,,,,,,,,,,,,,,,,,,,,,,,,,,,,,,,,,,,,,,,,,,,,,,,,,,,,,,,,,,N8895899,2C:6B:7D:50:12:60,ON H24 100%,,,,2020-06-30T22:00:00.000Z,,21720,,,AKA-200,,,200,,5000,,,,,,,,,,,,,,,,,,,,,,,,,,,,,,,,,,7200,10,10,,N88955899,,,,,,,,,,,,,,,,,,,
edfba2f6-a7f7-4078-a430-f46ea3c2225d,GE Plafonnier 14,LightPoint,Technicentre SNCF Mericourt/,false,,Witti [Lamp],,,,,,Point,"[2.8533084903438066,50.40681074587809]",,,,,,,,,,,,,,,,,,,,,,,,,,,,,,,,,,,,,,,,,,,,,,,,,,,,,,,,,,,,,,,,,,,,,,,,,,,,,,,,,,,,,,N15171120,2C:6B:7D:50:12:60,ON H24 100%,,,,2020-06-30T22:00:00.000Z,,21720,,,AKA-200,,,200,,5000,,,,,,,,,,,,,,,,,,,,,,,,,,,,,,,,,,7200,10,10,,N15171120,,,,,,,,,,,,,,,,,,,
ddd64ba2-dd03-41a2-ae7b-a51443d981cd,GE Plafonnier 15,LightPoint,Technicentre SNCF Mericourt/,false,,Witti [Lamp],,,,,,Point,"[2.853559276887495,50.406911603832526]",,,,,,,,,,,,,,,,,,,,,,,,,,,,,,,,,,,,,,,,,,,,,,,,,,,,,,,,,,,,,,,,,,,,,,,,,,,,,,,,,,,,,,N13440066,2C:6B:7D:50:12:60,ON H24 100%,,,,2020-06-30T22:00:00.000Z,,21720,,,AKA-200,,,200,,5000,,,,,,,,,,,,,,,,,,,,,,,,,,,,,,,,,,7200,10,10,,N13440066,,,,,,,,,,,,,,,,,,,
79df8417-a9b3-4b72-8911-e4451ace1166,GE Plafonnier 16,LightPoint,Technicentre SNCF Mericourt/,false,,Witti [Lamp],,,,,,Point,"[2.853465399572343,50.406839806666085]",,,,,,,,,,,,,,,,,,,,,,,,,,,,,,,,,,,,,,,,,,,,,,,,,,,,,,,,,,,,,,,,,,,,,,,,,,,,,,,,,,,,,,N107864,2C:6B:7D:50:12:60,ON H24 100%,,,,2020-06-30T22:00:00.000Z,,21720,,,AKA-200,,,200,,5000,,,,,,,,,,,,,,,,,,,,,,,,,,,,,,,,,,7200,10,10,,N107864,,,,,,,,,,,,,,,,,,,
176752d0-6636-4194-abd1-9aafb9fc7d91,GE Plafonnier 17,LightPoint,Technicentre SNCF Mericourt/,false,,Witti [Lamp],,,,,[],Point,"[2.8534070560774296,50.4067645853998]",,,,,,,,,,,,,,,,,,,,,,,,,,,,,,,,,,,,,,,,,,,,,,,,,,,,,,,,,,,,,,,,,,,,,,,,,,,,,,,,,,,,,,N15174954,2C:6B:7D:50:12:60,ON H24 100%,,,,,,,,,,,,,,,,,,,,,,,,,,,,,,,,,,,,,,,,,,,,,,,,7200,10,10,,15174954,,,,,,,,,,,,,,,,,,,
87046d23-5ee2-4e88-90ba-11d66de9dd5c,GE Plafonnier 18,LightPoint,Technicentre SNCF Mericourt/,false,,Witti [Lamp],,,,,,Point,"[2.853634378739656,50.406865448523746]",,,,,,,,,,,,,,,,,,,,,,,,,,,,,,,,,,,,,,,,,,,,,,,,,,,,,,,,,,,,,,,,,,,,,,,,,,,,,,,,,,,,,,N6380971,2C:6B:7D:50:12:60,ON H24 100%,,,,2020-06-30T22:00:00.000Z,,21720,,,AKA-200,,,200,,5000,,,,,,,,,,,,,,,,,,,,,,,,,,,,,,,,,,7200,10,10,,N6380971,,,,,,,,,,,,,,,,,,,
81f7d5a3-5343-4ec8-b4ae-3b23474677b1,GE Plafonnier 19,LightPoint,Technicentre SNCF Mericourt/,false,,Witti [Lamp],,,,,,Point,"[2.853543183633491,50.40679365128736]",,,,,,,,,,,,,,,,,,,,,,,,,,,,,,,,,,,,,,,,,,,,,,,,,,,,,,,,,,,,,,,,,,,,,,,,,,,,,,,,,,,,,,N6378791,2C:6B:7D:50:12:60,ON H24 100%,,,,2020-06-30T22:00:00.000Z,,21720,,,AKA-200,,,200,,5000,,,,,,,,,,,,,,,,,,,,,,,,,,,,,,,,,,7200,10,10,,N6378791,,,,,,,,,,,,,,,,,,,
c92ac913-2da2-463d-bfc2-d4c963996d10,GE Plafonnier 20,LightPoint,Technicentre SNCF Mericourt/,false,,Witti [Lamp],,,,,,Point,"[2.8534802128232,50.40671771813254]",,,,,,,,,,,,,,,,,,,,,,,,,,,,,,,,,,,,,,,,,,,,,,,,,,,,,,,,,,,,,,,,,,,,,,,,,,,,,,,,,,,,,,N1110714,2C:6B:7D:50:12:60,ON H24 100%,,,,2020-06-30T22:00:00.000Z,,21720,,,AKA-200,,,200,,5000,,,,,,,,,,,,,,,,,,,,,,,,,,,,,,,,,,7200,10,10,,N1110714,,,,,,,,,,,,,,,,,,,
adff713d-1b36-492a-bae2-a5bad46c8a25,GE Plafonnier 21,LightPoint,Technicentre SNCF Mericourt/,false,,Witti [Lamp],,,,,,Point,"[2.853720209428758,50.40682100262836]",,,,,,,,,,,,,,,,,,,,,,,,,,,,,,,,,,,,,,,,,,,,,,,,,,,,,,,,,,,,,,,,,,,,,,,,,,,,,,,,,,,,,,N1922967,2C:6B:7D:50:12:60,ON H24 100%,,,,2020-06-30T22:00:00.000Z,,21720,,,AKA-200,,,200,,5000,,,,,,,,,,,,,,,,,,,,,,,,,,,,,,,,,,7200,10,10,,N1922967,,,,,,,,,,,,,,,,,,,
e3f73182-c4b9-499d-b842-130666df41a1,GE Plafonnier 22,LightPoint,Technicentre SNCF Mericourt/,false,,Witti [Lamp],,,,,,Point,"[2.8536316965306696,50.40674749586307]",,,,,,,,,,,,,,,,,,,,,,,,,,,,,,,,,,,,,,,,,,,,,,,,,,,,,,,,,,,,,,,,,,,,,,,,,,,,,,,,,,,,,,N8109603,2C:6B:7D:50:12:60,ON H24 100%,,,,2020-06-30T22:00:00.000Z,,21720,,,AKA-200,,,200,,5000,,,,,,,,,,,,,,,,,,,,,,,,,,,,,,,,,,7200,10,10,,N8109603,,,,,,,,,,,,,,,,,,,
86dedb1f-2d4e-4436-a4da-6ab7954959f8,GE Plafonnier 23,LightPoint,Technicentre SNCF Mericourt/,false,,Witti [Lamp],,,,,,Point,"[2.8535650007969764,50.40667667642231]",,,,,,,,,,,,,,,,,,,,,,,,,,,,,,,,,,,,,,,,,,,,,,,,,,,,,,,,,,,,,,,,,,,,,,,,,,,,,,,,,,,,,,N13089760,2C:6B:7D:50:12:60,ON H24 100%,,,,2020-06-30T22:00:00.000Z,,21720,,,AKA-200,,,200,,5000,,,,,,,,,,,,,,,,,,,,,,,,,,,,,,,,,,7200,10,10,,N13089760,,,,,,,,,,,,,,,,,,,
054459a6-fa88-4327-83b6-da7f9c3b468d,GE Plafonnier 24,LightPoint,Technicentre SNCF Mericourt/,false,,Witti [Lamp],,,,,,Point,"[2.8537979934899056,50.40678168507014]",,,,,,,,,,,,,,,,,,,,,,,,,,,,,,,,,,,,,,,,,,,,,,,,,,,,,,,,,,,,,,,,,,,,,,,,,,,,,,,,,,,,,,N9603991,2C:6B:7D:50:12:60,ON H24 100%,,,,2020-06-30T22:00:00.000Z,,21720,,,AKA-200,,,200,,5000,,,,,,,,,,,,,,,,,,,,,,,,,,,,,,,,,,7200,10,10,,N9603991,,,,,,,,,,,,,,,,,,,
517a3b73-36c3-4aea-a192-5c1a566dd757,GE Plafonnier 25,LightPoint,Technicentre SNCF Mericourt/,false,,Witti [Lamp],,,,,,Point,"[2.8537148450107566,50.40670304985704]",,,,,,,,,,,,,,,,,,,,,,,,,,,,,,,,,,,,,,,,,,,,,,,,,,,,,,,,,,,,,,,,,,,,,,,,,,,,,,,,,,,,,,N6323631,2C:6B:7D:50:12:60,ON H24 100%,,,,2020-06-30T22:00:00.000Z,,21720,,,AKA-200,,,200,,5000,,,,,,,,,,,,,,,,,,,,,,,,,,,,,,,,,,7200,10,10,,N632631,,,,,,,,,,,,,,,,,,,
8d07ade2-9d47-466c-b2d0-2027bec272af,GE Plafonnier 26,LightPoint,Technicentre SNCF Mericourt/,false,,Witti [Lamp],,,,,,Point,"[2.8536583748947066,50.40663153049948]",,,,,,,,,,,,,,,,,,,,,,,,,,,,,,,,,,,,,,,,,,,,,,,,,,,,,,,,,,,,,,,,,,,,,,,,,,,,,,,,,,,,,,N4209572,2C:6B:7D:50:12:60,ON H24 100%,,,,2020-06-30T22:00:00.000Z,,21720,,,AKA-200,,,200,,5000,,,,,,,,,,,,,,,,,,,,,,,,,,,,,,,,,,7200,10,10,,N4209572,,,,,,,,,,,,,,,,,,,
aa77e60c-f704-4a1c-9720-2032bd9233c0,GE Plafonnier 27,LightPoint,Technicentre SNCF Mericourt/,false,,Witti [Lamp],,,,,,Point,"[2.853862366505979,50.406737239096145]",,,,,,,,,,,,,,,,,,,,,,,,,,,,,,,,,,,,,,,,,,,,,,,,,,,,,,,,,,,,,,,,,,,,,,,,,,,,,,,,,,,,,,N9520287,2C:6B:7D:50:12:60,ON H24 100%,,,,2020-06-30T22:00:00.000Z,,21720,,,AKA-200,,,200,,5000,,,,,,,,,,,,,,,,,,,,,,,,,,,,,,,,,,7200,10,10,,N9520287,,,,,,,,,,,,,,,,,,,
6714bae3-2fb9-42dc-9298-754c3f400783,GE Plafonnier 28,LightPoint,Technicentre SNCF Mericourt/,false,,Witti [Lamp],,,,,,Point,"[2.8538006756989205,50.406656894345105]",,,,,,,,,,,,,,,,,,,,,,,,,,,,,,,,,,,,,,,,,,,,,,,,,,,,,,,,,,,,,,,,,,,,,,,,,,,,,,,,,,,,,,N15598722,2C:6B:7D:50:12:60,ON H24 100%,,,,2020-06-30T22:00:00.000Z,,21720,,,AKA-200,,,200,,5000,,,,,,,,,,,,,,,,,,,,,,,,,,,,,,,,,,7200,10,10,,N15598722,,,,,,,,,,,,,,,,,,,
fc37ff07-4399-4826-9728-3aba043397a9,GE Plafonnier 29,LightPoint,Technicentre SNCF Mericourt/,false,,Witti [Lamp],,,,,,Point,"[2.853749602462301,50.406580228262754]",,,,,,,,,,,,,,,,,,,,,,,,,,,,,,,,,,,,,,,,,,,,,,,,,,,,,,,,,,,,,,,,,,,,,,,,,,,,,,,,,,,,,,N4908436,2C:6B:7D:50:12:60,ON H24 100%,,,,2020-06-30T22:00:00.000Z,,21720,,,AKA-200,,,200,,5000,,,,,,,,,,,,,,,,,,,,,,,,,,,,,,,,,,7200,10,10,,N4908436,,,,,,,,,,,,,,,,,,,
af2ed89e-f152-46ff-bfc0-aa717f3755a8,GE Plafonnier 30,LightPoint,Technicentre SNCF Mericourt/,false,,Witti [Lamp],,,,,,Point,"[2.8540554855553353,50.40662612397884]",,,,,,,,,,,,,,,,,,,,,,,,,,,,,,,,,,,,,,,,,,,,,,,,,,,,,,,,,,,,,,,,,,,,,,,,,,,,,,,,,,,,,,N9493144,2C:6B:7D:50:12:60,ON H24 100%,,,,2020-06-30T22:00:00.000Z,,21720,,,AKA-200,,,200,,5000,,,,,,,,,,,,,,,,,,,,,,,,,,,,,,,,,,7200,10,10,,N9493144,,,,,,,,,,,,,,,,,,,
b9d6464c-717e-46eb-9a5c-7b754d947c7c,GE Plafonnier 31,LightPoint,Technicentre SNCF Mericourt/,false,,Witti [Lamp],,,,,,Point,"[2.8539991591662215,50.40655090744326]",,,,,,,,,,,,,,,,,,,,,,,,,,,,,,,,,,,,,,,,,,,,,,,,,,,,,,,,,,,,,,,,,,,,,,,,,,,,,,,,,,,,,,N15130537,2C:6B:7D:50:12:60,ON H24 100%,,,,2020-06-30T22:00:00.000Z,,21720,,,AKA-200,,,200,,5000,,,,,,,,,,,,,,,,,,,,,,,,,,,,,,,,,,7200,10,10,,N15130537,,,,,,,,,,,,,,,,,,,
ce922b31-c6f2-42d2-99ea-11d3c61619f1,GE Plafonnier 32,LightPoint,Technicentre SNCF Mericourt/,false,,Witti [Lamp],,,,,,Point,"[2.8539374239240374,50.40648035974891]",,,,,,,,,,,,,,,,,,,,,,,,,,,,,,,,,,,,,,,,,,,,,,,,,,,,,,,,,,,,,,,,,,,,,,,,,,,,,,,,,,,,,,N2096182,2C:6B:7D:50:12:60,ON H24 100%,,,,2020-06-30T22:00:00.000Z,,21720,,,AKA-200,,,200,,5000,,,,,,,,,,,,,,,,,,,,,,,,,,,,,,,,,,7200,10,10,,N2096182,,,,,,,,,,,,,,,,,,,
d7d4289f-5843-4591-b595-3aee56f4fb33,GE Plafonnier 33,LightPoint,Technicentre SNCF Mericourt/,false,,Witti [Lamp],,,,,,Point,"[2.853972337076158,50.40667911737498]",,,,,,,,,,,,,,,,,,,,,,,,,,,,,,,,,,,,,,,,,,,,,,,,,,,,,,,,,,,,,,,,,,,,,,,,,,,,,,,,,,,,,,N2575358,2C:6B:7D:50:12:60,ON H24 100%,,,,2020-06-30T22:00:00.000Z,,21720,,,AKA-200,,,200,,5000,,,,,,,,,,,,,,,,,,,,,,,,,,,,,,,,,,7200,10,10,,N2575358,,,,,,,,,,,,,,,,,,,
0d79e3e3-9dc1-4b8c-a712-5f1de9007e1b,GE Plafonnier 34,LightPoint,Technicentre SNCF Mericourt/,false,,Witti [Lamp],,,,,,Point,"[2.853891870805029,50.4066039009235]",,,,,,,,,,,,,,,,,,,,,,,,,,,,,,,,,,,,,,,,,,,,,,,,,,,,,,,,,,,,,,,,,,,,,,,,,,,,,,,,,,,,,,N8093424,2C:6B:7D:50:12:60,ON H24 100%,,,,2020-06-30T22:00:00.000Z,,21720,,,AKA-200,,,200,,5000,,,,,,,,,,,,,,,,,,,,,,,,,,,,,,,,,,7200,10,10,,N8093424,,,,,,,,,,,,,,,,,,,
38d18acc-4deb-4ccd-9a33-de308ab1bd90,GE Plafonnier 35,LightPoint,Technicentre SNCF Mericourt/,false,,Witti [Lamp],,,,,,Point,"[2.8538494161529684,50.40653166209421]",,,,,,,,,,,,,,,,,,,,,,,,,,,,,,,,,,,,,,,,,,,,,,,,,,,,,,,,,,,,,,,,,,,,,,,,,,,,,,,,,,,,,,N6220046,2C:6B:7D:50:12:60,ON H24 100%,,,,2020-06-30T22:00:00.000Z,,21720,,,AKA-200,,,200,,5000,,,,,,,,,,,,,,,,,,,,,,,,,,,,,,,,,,7200,10,10,,N6220046,,,,,,,,,,,,,,,,,,,
e2e7fef5-2b9e-4a48-a8c1-652320cd411c,GE Plafonnier 36,LightPoint,Technicentre SNCF Mericourt/,false,,Witti [Lamp],,,,,,Point,"[2.8541493628705155,50.40658851572567]",,,,,,,,,,,,,,,,,,,,,,,,,,,,,,,,,,,,,,,,,,,,,,,,,,,,,,,,,,,,,,,,,,,,,,,,,,,,,,,,,,,,,,N13709016,2C:6B:7D:50:12:60,ON H24 100%,,,,2020-06-30T22:00:00.000Z,,21720,,,AKA-200,,,200,,5000,,,,,,,,,,,,,,,,,,,,,,,,,,,,,,,,,,7200,10,10,,N13709016,,,,,,,,,,,,,,,,,,,
c65bad4a-4b39-4049-b324-f1b546938cfd,GE Plafonnier 37,LightPoint,Technicentre SNCF Mericourt/,false,,Witti [Lamp],,,,,,Point,"[2.8540957186904166,50.40650988019206]",,,,,,,,,,,,,,,,,,,,,,,,,,,,,,,,,,,,,,,,,,,,,,,,,,,,,,,,,,,,,,,,,,,,,,,,,,,,,,,,,,,,,,N10296415,2C:6B:7D:50:12:60,ON H24 100%,,,,2020-06-30T22:00:00.000Z,,21720,,,AKA-200,,,200,,5000,,,,,,,,,,,,,,,,,,,,,,,,,,,,,,,,,,7200,10,10,,N10296415,,,,,,,,,,,,,,,,,,,
1c514b25-8903-4f4a-9f7b-63cc5ba2805c,GE Plafonnier 38,LightPoint,Technicentre SNCF Mericourt/,false,,Witti [Lamp],,,,,,Point,"[2.8540221764868647,50.406440835881654]",,,,,,,,,,,,,,,,,,,,,,,,,,,,,,,,,,,,,,,,,,,,,,,,,,,,,,,,,,,,,,,,,,,,,,,,,,,,,,,,,,,,,,N1139215,2C:6B:7D:50:12:60,ON H24 100%,,,,2020-06-30T22:00:00.000Z,,21720,,,AKA-200,,,200,,5000,,,,,,,,,,,,,,,,,,,,,,,,,,,,,,,,,,7200,10,10,,N1139215,,,,,,,,,,,,,,,,,,,
36badf68-de5b-4111-b7b4-9acc7cb456f2,GE Plafonnier 39,LightPoint,Technicentre SNCF Mericourt/,false,,Witti [Lamp],,,,,,Point,"[2.8542459223956484,50.40654236010218]",,,,,,,,,,,,,,,,,,,,,,,,,,,,,,,,,,,,,,,,,,,,,,,,,,,,,,,,,,,,,,,,,,,,,,,,,,,,,,,,,,,,,,N1607434,2C:6B:7D:50:12:60,ON H24 100%,,,,2020-06-30T22:00:00.000Z,,21720,,,AKA-200,,,200,,5000,,,,,,,,,,,,,,,,,,,,,,,,,,,,,,,,,,7200,10,10,,N1607434,,,,,,,,,,,,,,,,,,,
dd6e8a8b-db2f-4050-8794-9a77c30c259b,GE Plafonnier 40,LightPoint,Technicentre SNCF Mericourt/,false,,Witti [Lamp],,,,,,Point,"[2.854184231587567,50.40647569078888]",,,,,,,,,,,,,,,,,,,,,,,,,,,,,,,,,,,,,,,,,,,,,,,,,,,,,,,,,,,,,,,,,,,,,,,,,,,,,,,,,,,,,,N3303577,2C:6B:7D:50:12:60,ON H24 100%,,,,2020-06-30T22:00:00.000Z,,21720,,,AKA-200,,,200,,5000,,,,,,,,,,,,,,,,,,,,,,,,,,,,,,,,,,7200,10,10,,N3303577,,,,,,,,,,,,,,,,,,,
ca7a9c0e-a566-4cdf-a19a-e2e7c9d1a27f,GE Plafonnier 41,LightPoint,Technicentre SNCF Mericourt/,false,,Witti [Lamp],,,,,,Point,"[2.854106240004029,50.40640043367162]",,,,,,,,,,,,,,,,,,,,,,,,,,,,,,,,,,,,,,,,,,,,,,,,,,,,,,,,,,,,,,,,,,,,,,,,,,,,,,,,,,,,,,N13137617,2C:6B:7D:50:12:60,ON H24 100%,,,,2020-06-30T22:00:00.000Z,,21720,,,AKA-200,,,200,,5000,,,,,,,,,,,,,,,,,,,,,,,,,,,,,,,,,,7200,10,10,,N13137617,,,,,,,,,,,,,,,,,,,
3c1733f3-1249-4a90-85aa-bd298ffaabf0,GE Plafonnier 42,LightPoint,Technicentre SNCF Mericourt/,false,,Witti [Lamp],,,,,,Point,"[2.8543371175017853,50.4065030423134]",,,,,,,,,,,,,,,,,,,,,,,,,,,,,,,,,,,,,,,,,,,,,,,,,,,,,,,,,,,,,,,,,,,,,,,,,,,,,,,,,,,,,,N6739518,2C:6B:7D:50:12:60,ON H24 100%,,,,2020-06-30T22:00:00.000Z,,21720,,,AKA-200,,,200,,5000,,,,,,,,,,,,,,,,,,,,,,,,,,,,,,,,,,7200,10,10,,N6739518,,,,,,,,,,,,,,,,,,,
9fe01978-1262-4d20-a813-905916750ee9,GE Plafonnier 43,LightPoint,Technicentre SNCF Mericourt/,false,,Witti [Lamp],,,,,,Point,"[2.8542566512316228,50.40642440663731]",,,,,,,,,,,,,,,,,,,,,,,,,,,,,,,,,,,,,,,,,,,,,,,,,,,,,,,,,,,,,,,,,,,,,,,,,,,,,,,,,,,,,,N2668144,2C:6B:7D:50:12:60,ON H24 100%,,,,2020-06-30T22:00:00.000Z,,21720,,,AKA-200,,,200,,5000,,,,,,,,,,,,,,,,,,,,,,,,,,,,,,,,,,7200,10,10,,N2668144,,,,,,,,,,,,,,,,,,,
1616a912-cf87-4551-922b-d4a497b4a5e4,GE Plafonnier 44,LightPoint,Technicentre SNCF Mericourt/,false,,Witti [Lamp],,,,,,Point,"[2.854197193973448,50.406347735085006]",,,,,,,,,,,,,,,,,,,,,,,,,,,,,,,,,,,,,,,,,,,,,,,,,,,,,,,,,,,,,,,,,,,,,,,,,,,,,,,,,,,,,,N940806,2C:6B:7D:50:12:60,ON H24 100%,,,,2020-06-30T22:00:00.000Z,,21720,,,AKA-200,,,200,,5000,,,,,,,,,,,,,,,,,,,,,,,,,,,,,,,,,,7200,10,10,,N940806,,,,,,,,,,,,,,,,,,,
033262ee-9ce3-4de9-87be-0e5d680fac51,GE Plafonnier 11,LightPoint,Technicentre SNCF Mericourt/,false,,Witti [Lamp],,,,,[],Point,"[2.8541342038982407,50.40631558578076]",,,,,,,,,,,,,,,,,,,,,,,,,,,,,,,,,,,,,,,,,,,,,,,,,,,,,,,,,,,,,,,,,,,,,,,,,,,,,,,,,,,,,,N915949,2C:6B:7D:50:12:60,ON H24 100%,,,,,,,,,,,,,,,,,,,,,,,,,,,,,,,,,,,,,,,,,,,,,,,,7200,10,10,,,,,,,,,,,,,,,,,,,,,
667b21e6-bde1-42fc-b8ed-468ef2119b2c,GE Projecteur 1,LightPoint,Technicentre SNCF Mericourt/,false,,Witti [Lamp],,,,,,Point,"[2.8533681547816343,50.406975972559934]",,,,,,,,,,,,,,,,,,,,,,,,,,,,,,,,,,,,,,,,,,,,,,,,,,,,,,,,,,,,,,,,,,,,,,,,,,,,,,,,,,,,,,N9022851,2C:6B:7D:50:12:60,ON H24 100%,,,,2020-07-01T22:00:00.000Z,,24362,,,STR-200,,,200,,4000,,,,,,,,,,,,,,,,,,,,,,,,,,,,,,,,,,7200,10,10,,N9022851,,,,,,,,,,,,,,,,,,,
9f69dedf-f63f-4cf1-bb4e-41efcd77a792,GE Projecteur 2,LightPoint,Technicentre SNCF Mericourt/,false,,Witti [Lamp],,,,,,Point,"[2.8532837232958457,50.406916920484406]",,,,,,,,,,,,,,,,,,,,,,,,,,,,,,,,,,,,,,,,,,,,,,,,,,,,,,,,,,,,,,,,,,,,,,,,,,,,,,,,,,,,,,N6366434,2C:6B:7D:50:12:60,ON H24 100%,,,,2020-07-01T22:00:00.000Z,,24362,,,STR-200,,,200,,4000,,,,,,,,,,,,,,,,,,,,,,,,,,,,,,,,,,7200,10,10,,N6366434,,,,,,,,,,,,,,,,,,,
e6f107e6-f190-41de-ba58-f64e21df9344,GE Projecteur 3,LightPoint,Technicentre SNCF Mericourt/,false,,Witti [Lamp],,,,,,Point,"[2.8544466561246793,50.40642614199024]",,,,,,,,,,,,,,,,,,,,,,,,,,,,,,,,,,,,,,,,,,,,,,,,,,,,,,,,,,,,,,,,,,,,,,,,,,,,,,,,,,,,,,N14270800,2C:6B:7D:50:12:60,ON H24 100%,,,,2020-07-01T22:00:00.000Z,,24362,,,STR-200,,,200,,4000,,,,,,,,,,,,,,,,,,,,,,,,,,,,,,,,,,7200,10,10,,N14270800,,,,,,,,,,,,,,,,,,,
deeebb8b-cb58-443a-8131-30877040fd90,GE Projecteur 4,LightPoint,Technicentre SNCF Mericourt/,false,,Witti [Lamp],,,,,,Point,"[2.85435356786067,50.40635091002105]",,,,,,,,,,,,,,,,,,,,,,,,,,,,,,,,,,,,,,,,,,,,,,,,,,,,,,,,,,,,,,,,,,,,,,,,,,,,,,,,,,,,,,N9340272,2C:6B:7D:50:12:60,ON H24 100%,,,,2020-07-01T22:00:00.000Z,,24362,,,STR-200,,,200,,4000,,,,,,,,,,,,,,,,,,,,,,,,,,,,,,,,,,7200,10,10,,N9340272,,,,,,,,,,,,,,,,,,,
652c0320-5c60-4056-a580-de77d214925a,GE Projecteur 5,LightPoint,Technicentre SNCF Mericourt/,false,,Witti [Lamp],,,,,,Point,"[2.854255779764088,50.40627909377338]",,,,,,,,,,,,,,,,,,,,,,,,,,,,,,,,,,,,,,,,,,,,,,,,,,,,,,,,,,,,,,,,,,,,,,,,,,,,,,,,,,,,,,N10999431,2C:6B:7D:50:12:60,ON H24 100%,,,,2020-07-01T22:00:00.000Z,,24362,,,STR-200,,,200,,4000,,,,,,,,,,,,,,,,,,,,,,,,,,,,,,,,,,7200,10,10,,N10999431,,,,,,,,,,,,,,,,,,,
a3aa9454-45d8-4673-8110-08b5fd175554,GE Projecteur 6,LightPoint,Technicentre SNCF Mericourt/,false,,Witti [Lamp],,,,,,Point,"[2.8531938092455107,50.40684773511839]",,,,,,,,,,,,,,,,,,,,,,,,,,,,,,,,,,,,,,,,,,,,,,,,,,,,,,,,,,,,,,,,,,,,,,,,,,,,,,,,,,,,,,N10267159,2C:6B:7D:50:12:60,ON H24 100%,,,,2020-07-01T22:00:00.000Z,,24362,,,STR-200,,,200,,4000,,,,,,,,,,,,,,,,,,,,,,,,,,,,,,,,,,7200,10,10,,N10267159,,,,,,,,,,,,,,,,,,,
ed997428-28d2-4870-8976-a36439786469,Mericourt1,AccessPoint,Technicentre SNCF Mericourt/,false,,Witti [Access Point],,,,,,Point,"[2.853976335991547,50.40671242038184]",,,,,,,,,,,,,,,,,,,,tcp://broker-sandbox.everyware-cloud.com:1883,https://api-sandbox.everyware-cloud.com,lyracom,witti_api,,lyracom_broker,,6C:C3:74:85:62:32,0,,,,,,,,,,,,,,,,,,,,,,,,,,,,,,,,,,,,,,,,,,,,,,,,,,,,,,,,,,,,,,,,,,,,,,,,,,,,,,,,,,,,,,,,,,,,,,,,,,,,,,,,,,,,,,,,,,,,,,,,,,,,,,,,,,,
72495553-66e8-4f16-87e5-316dc27f6456,Mericourt2,AccessPoint,Technicentre SNCF Mericourt/,false,,Witti [Access Point],,,,,,Point,"[2.8546242252865284,50.4065645495962]",,,,,,,,,,,,,,,,,,,,tcp://broker-sandbox.everyware-cloud.com:1883,https://api-sandbox.everyware-cloud.com,lyracom,witti_api,,lyracom_broker,,FC:69:47:9F:34:BC,,,,,,,,,,,,,,,,,,,,,,,,,,,,,,,,,,,,,,,,,,,,,,,,,,,,,,,,,,,,,,,,,,,,,,,,,,,,,,,,,,,,,,,,,,,,,,,,,,,,,,,,,,,,,,,,,,,,,,,,,,,,,,,,,,,,
e689017f-f59d-4464-b7ab-4c8f317bc8f6,Mericourt3,AccessPoint,Technicentre SNCF Mericourt/,false,,Witti [Access Point],,,,,,Point,"[2.853767660720422,50.407305803595875]",,,,,,,,,,,,,,,,,,,,tcp://broker-sandbox.everyware-cloud.com:1883,https://api-sandbox.everyware-cloud.com,lyracom,witti_api,,lyracom_broker,,2C:6B:7D:50:12:60,,,,,,,,,,,,,,,,,,,,,,,,,,,,,,,,,,,,,,,,,,,,,,,,,,,,,,,,,,,,,,,,,,,,,,,,,,,,,,,,,,,,,,,,,,,,,,,,,,,,,,,,,,,,,,,,,,,,,,,,,,,,,,,,,,,,
153859e3-39ca-40f2-a4a1-dcd98e219fd2,PE 1 voies 1 à 4,LightPoint,Technicentre SNCF Mericourt/,false,,Witti [Lamp],,,,,,Point,"[2.853710397478352,50.40713507081671]",,,,,,,,,,,,,,,,,,,,,,,,,,,,,,,,,,,,,,,,,,,,,,,,,,,,,,,,,,,,,,,,,,,,,,,,,,,,,,,,,,,,,,N4178991,2C:6B:7D:50:12:60,ON H24 100%,,,,2020-04-21T22:00:00.000Z,,33065,,,AKA-240,,,240,,4000,,,,,,,,,,,,,,,,,,,,,,,,,,,,,,,,,,7200,10,10,,N4178991,,,,,,,,,,,,,,,,,,,
249e73ad-678c-427a-a8f4-d60eabd2045e,PE 1 voies 5 à 6,LightPoint,Technicentre SNCF Mericourt/,false,,Witti [Lamp],,,,,,Point,"[2.853826214533683,50.40727579374311]",,,,,,,,,,,,,,,,,,,,,,,,,,,,,,,,,,,,,,,,,,,,,,,,,,,,,,,,,,,,,,,,,,,,,,,,,,,,,,,,,,,,,,N15302653,2C:6B:7D:50:12:60,ON H24 100%,,,,2020-04-21T22:00:00.000Z,,33065,,,AKA-240,,,240,,4000,,,,,,,,,,,,,,,,,,,,,,,,,,,,,,,,,,7200,10,10,,N15302653,,,,,,,,,,,,,,,,,,,
4698a547-3161-4603-9011-e0487540cf83,PE 2 voie 1 à 4,LightPoint,Technicentre SNCF Mericourt/,false,,Witti [Lamp],,,,,[],Point,"[2.8536349444949565,50.40707957236623]",,,,,,,,,,,,,,,,,,,,,,,,,,,,,,,,,,,,,,,,,,,,,,,,,,,,,,,,,,,,,,,,,,,,,,,,,,,,,,,,,,,,,,N12951597,2C:6B:7D:50:12:60,ON H24 100%,,,,,,33065,,,AKA 240,,,240,,4000,,,,,,,,,,,,,,,,,,,,,,,,,,,,,,,,,,7200,10,10,,N12951597,,,,,,,,,,,,,,,,,,,
e4232dd2-e3b4-45c3-9e31-eb249cbf4073,PE 2 voies 5 à 6,LightPoint,Technicentre SNCF Mericourt/,false,,Witti [Lamp],,,,,,Point,"[2.853894430502777,50.40724356606731]",,,,,,,,,,,,,,,,,,,,,,,,,,,,,,,,,,,,,,,,,,,,,,,,,,,,,,,,,,,,,,,,,,,,,,,,,,,,,,,,,,,,,,N5692820,2C:6B:7D:50:12:60,ON H24 100%,,,,2020-04-21T22:00:00.000Z,,33065,,,AKA-240,,,240,,4000,,,,,,,,,,,,,,,,,,,,,,,,,,,,,,,,,,7200,10,10,,N5692820,,,,,,,,,,,,,,,,,,,
070e76e3-5b4d-4ac6-8c9a-ad6460272c11,PE 3 voie 1 à 4,LightPoint,Technicentre SNCF Mericourt/,false,,Witti [Lamp],,,,,[],Point,"[2.853798911596101,50.40709491682426]",,,,,,,,,,,,,,,,,,,,,,,,,,,,,,,,,,,,,,,,,,,,,,,,,,,,,,,,,,,,,,,,,,,,,,,,,,,,,,,,,,,,,,N6277902,2C:6B:7D:50:12:60,ON H24 100%,,,,,,,,,,,,,,,,,,,,,,,,,,,,,,,,,,,,,,,,,,,,,,,,7200,10,10,,,,,,,,,,,,,,,,,,,,,
cea39f92-a916-4408-9611-4cff08d3b9f7,PE 3 voies 5 à 6,LightPoint,Technicentre SNCF Mericourt/,false,,Witti [Lamp],,,,,,Point,"[2.853966796258703,50.40720747979685]",,,,,,,,,,,,,,,,,,,,,,,,,,,,,,,,,,,,,,,,,,,,,,,,,,,,,,,,,,,,,,,,,,,,,,,,,,,,,,,,,,,,,,N3061777,2C:6B:7D:50:12:60,ON H24 100%,,,,2020-04-21T22:00:00.000Z,,33065,,,AKA-240,,,240,,4000,,,,,,,,,,,,,,,,,,,,,,,,,,,,,,,,,,7200,10,10,,N3061777,,,,,,,,,,,,,,,,,,,
5fbe0382-2a48-435f-992c-40e942348de4,PE 4 voie 1  à 4,LightPoint,Technicentre SNCF Mericourt/,false,,Witti [Lamp],,,,,[],Point,"[2.853702432972227,50.40703512566549]",,,,,,,,,,,,,,,,,,,,,,,,,,,,,,,,,,,,,,,,,,,,,,,,,,,,,,,,,,,,,,,,,,,,,,,,,,,,,,,,,,,,,,N13592427,2C:6B:7D:50:12:60,ON H24 100%,,,,,,33065,,,AKA 240,,,240,,,,,,,,,,,,,,,,,,,,,,,,,,,,,,,,,,,,7200,10,10,,,,,,,,,,,,,,,,,,,,,
695dc105-2711-410d-90b4-485b57b8a883,PE 4 voies 5 à 6,LightPoint,Technicentre SNCF Mericourt/,false,,Witti [Lamp],,,,,,Point,"[2.8540352732671295,50.40716891509146]",,,,,,,,,,,,,,,,,,,,,,,,,,,,,,,,,,,,,,,,,,,,,,,,,,,,,,,,,,,,,,,,,,,,,,,,,,,,,,,,,,,,,,N11249562,2C:6B:7D:50:12:60,ON H24 100%,,,,2020-04-21T22:00:00.000Z,,33065,,,AKA-240,,,240,,4000,,,,,,,,,,,,,,,,,,,,,,,,,,,,,,,,,,7200,10,10,,N11249562,,,,,,,,,,,,,,,,,,,
4a0c3382-8fbc-454b-9ad2-8220e86f3564,PE 5 voies 1 à 4,LightPoint,Technicentre SNCF Mericourt/,false,,Witti [Lamp],VOIES 1 à 4,,,,,Point,"[2.8538848388954534,50.407050901361686]",,,,,,,,,,,,,,,,,,,,,,,,,,,,,,,,,,,,,,,,,,,,,,,,,,,,,,,,,,,,,,,,,,,,,,,,,,,,,,,,,,,,,,N12754992,2C:6B:7D:50:12:60,ON H24 100%,,,,2020-04-21T22:00:00.000Z,,33065,,,AKA-240,,,240,,4000,,,,,,,,,,,,,,,,,,,,,,,,,,,,,,,,,,7200,10,10,,N12754992,,,,,,,,,,,,,,,,,,,
8e2d7bf2-1704-49a5-9e36-a35990b7520c,PE 5 voies 5 à 6,LightPoint,Technicentre SNCF Mericourt/,false,,Witti [Lamp],,,,,,Point,"[2.854116839075516,50.40711783704947]",,,,,,,,,,,,,,,,,,,,,,,,,,,,,,,,,,,,,,,,,,,,,,,,,,,,,,,,,,,,,,,,,,,,,,,,,,,,,,,,,,,,,,N8466598,2C:6B:7D:50:12:60,ON H24 100%,,,,2020-04-21T22:00:00.000Z,,33065,,,AKA-240,,,240,,4000,,,,,,,,,,,,,,,,,,,,,,,,,,,,,,,,,,7200,10,10,,N8466598,,,,,,,,,,,,,,,,,,,
1eda0de6-d904-49f9-8b18-3d61934a4ce9,PE 6 voies 1 à 4,LightPoint,Technicentre SNCF Mericourt/,false,,Witti [Lamp],,,,,,Point,"[2.853797790786132,50.4069929701179]",,,,,,,,,,,,,,,,,,,,,,,,,,,,,,,,,,,,,,,,,,,,,,,,,,,,,,,,,,,,,,,,,,,,,,,,,,,,,,,,,,,,,,N14493373,2C:6B:7D:50:12:60,ON H24 100%,,,,2020-04-21T22:00:00.000Z,,33065,,,AKA-240,,,240,,4000,,,,,,,,,,,,,,,,,,,,,,,,,,,,,,,,,,7200,10,10,,N14493373,,,,,,,,,,,,,,,,,,,
5b4b91d7-29eb-4abc-9d19-030156d8e3d5,PE 6 voies 5 à 6,LightPoint,Technicentre SNCF Mericourt/,false,,Witti [Lamp],,,,,,Point,"[2.8542012837600623,50.40707430071524]",,,,,,,,,,,,,,,,,,,,,,,,,,,,,,,,,,,,,,,,,,,,,,,,,,,,,,,,,,,,,,,,,,,,,,,,,,,,,,,,,,,,,,N11752004,2C:6B:7D:50:12:60,ON H24 100%,,,,2020-04-21T22:00:00.000Z,,33065,,,AKA-240,,,240,,4000,,,,,,,,,,,,,,,,,,,,,,,,,,,,,,,,,,7200,10,10,,N11752004,,,,,,,,,,,,,,,,,,,
fdb21708-4430-4862-a475-0d17ecf6eb48,PE 7 voies 1 à 4,LightPoint,Technicentre SNCF Mericourt/,false,,Witti [Lamp],,,,,,Point,"[2.853969730985085,50.40700933186142]",,,,,,,,,,,,,,,,,,,,,,,,,,,,,,,,,,,,,,,,,,,,,,,,,,,,,,,,,,,,,,,,,,,,,,,,,,,,,,,,,,,,,,N1948185,2C:6B:7D:50:12:60,ON H24 100%,,,,2020-04-21T22:00:00.000Z,,33065,,,AKA-240,,,240,,4000,,,,,,,,,,,,,,,,,,,,,,,,,,,,,,,,,,7200,10,10,,N1948185,,,,,,,,,,,,,,,,,,,
a799cae3-19b3-4283-bfc8-3e6045b86347,PE 7 voies 5 à 6,LightPoint,Technicentre SNCF Mericourt/,false,,Witti [Lamp],,,,,,Point,"[2.8542836715848523,50.40702504955948]",,,,,,,,,,,,,,,,,,,,,,,,,,,,,,,,,,,,,,,,,,,,,,,,,,,,,,,,,,,,,,,,,,,,,,,,,,,,,,,,,,,,,,N5797264,2C:6B:7D:50:12:60,ON H24 100%,,,,2020-04-21T22:00:00.000Z,,33065,,,AKA-240,,,240,,4000,,,,,,,,,,,,,,,,,,,,,,,,,,,,,,,,,,7200,10,10,,N5797264,,,,,,,,,,,,,,,,,,,
49d7247f-0036-44bc-b5dd-8cc5907dd56f,PE 8 voies 1 à 4,LightPoint,Technicentre SNCF Mericourt/,false,,Witti [Lamp],,,,,,Point,"[2.8538984951657085,50.40693895588208]",,,,,,,,,,,,,,,,,,,,,,,,,,,,,,,,,,,,,,,,,,,,,,,,,,,,,,,,,,,,,,,,,,,,,,,,,,,,,,,,,,,,,,N4626066,2C:6B:7D:50:12:60,ON H24 100%,,,,2020-04-21T22:00:00.000Z,,33065,,,AKA-240,,,240,,4000,,,,,,,,,,,,,,,,,,,,,,,,,,,,,,,,,,7200,10,10,,N4626066,,,,,,,,,,,,,,,,,,,
3a811d5e-9c09-43da-851e-feba1ff5d15a,PE 8 voies 5 à 6,LightPoint,Technicentre SNCF Mericourt/,false,,Witti [Lamp],,,,,,Point,"[2.8543597903324667,50.40697683459405]",,,,,,,,,,,,,,,,,,,,,,,,,,,,,,,,,,,,,,,,,,,,,,,,,,,,,,,,,,,,,,,,,,,,,,,,,,,,,,,,,,,,,,N759527,2C:6B:7D:50:12:60,ON H24 100%,,,,2020-04-21T22:00:00.000Z,,33065,,,AKA-240,,,240,,4000,,,,,,,,,,,,,,,,,,,,,,,,,,,,,,,,,,7200,10,10,,N759527,,,,,,,,,,,,,,,,,,,
7d6a9404-f024-4601-9f2a-5a26457afde6,PE 9 voies 1 à 4,LightPoint,Technicentre SNCF Mericourt/,false,,Witti [Lamp],,,,,,Point,"[2.8540777416932315,50.40695429125299]",,,,,,,,,,,,,,,,,,,,,,,,,,,,,,,,,,,,,,,,,,,,,,,,,,,,,,,,,,,,,,,,,,,,,,,,,,,,,,,,,,,,,,N12958839,2C:6B:7D:50:12:60,ON H24 100%,,,,2020-04-21T22:00:00.000Z,,33065,,,AKA-240,,,240,,4000,,,,,,,,,,,,,,,,,,,,,,,,,,,,,,,,,,7200,10,10,,N12958839,,,,,,,,,,,,,,,,,,,
2d2ec9c8-c526-4171-8713-660d06968b15,PE 9 voies 5 à 6,LightPoint,Technicentre SNCF Mericourt/,false,,Witti [Lamp],,,,,,Point,"[2.854444500442554,50.406931958486524]",,,,,,,,,,,,,,,,,,,,,,,,,,,,,,,,,,,,,,,,,,,,,,,,,,,,,,,,,,,,,,,,,,,,,,,,,,,,,,,,,,,,,,N6947907,2C:6B:7D:50:12:60,ON H24 100%,,,,2020-04-21T22:00:00.000Z,,33065,,,AKA-240,,,240,,4000,,,,,,,,,,,,,,,,,,,,,,,,,,,,,,,,,,7200,10,10,,N6947907,,,,,,,,,,,,,,,,,,,
5dfbb18a-c7b8-4373-9593-4b668094056a,PE 10 voies 1 à 4,LightPoint,Technicentre SNCF Mericourt/,false,,Witti [Lamp],,,,,,Point,"[2.8539901677036426,50.406891703341984]",,,,,,,,,,,,,,,,,,,,,,,,,,,,,,,,,,,,,,,,,,,,,,,,,,,,,,,,,,,,,,,,,,,,,,,,,,,,,,,,,,,,,,N3885019,2C:6B:7D:50:12:60,ON H24 100%,,,,2020-04-21T22:00:00.000Z,,33065,,,AKA-240,,,240,,4000,,,,,,,,,,,,,,,,,,,,,,,,,,,,,,,,,,7200,10,10,,N3885019,,,,,,,,,,,,,,,,,,,
9c9d83a7-536a-4028-ab01-19f3d50db2b1,PE 10 voies 5 à 6,LightPoint,Technicentre SNCF Mericourt/,false,,Witti [Lamp],,,,,,Point,"[2.854531908705951,50.406889292170206]",,,,,,,,,,,,,,,,,,,,,,,,,,,,,,,,,,,,,,,,,,,,,,,,,,,,,,,,,,,,,,,,,,,,,,,,,,,,,,,,,,,,,,N11969404,2C:6B:7D:50:12:60,ON H24 100%,,,,2020-04-21T22:00:00.000Z,,33065,,,AKA-240,,,240,,4000,,,,,,,,,,,,,,,,,,,,,,,,,,,,,,,,,,7200,10,10,,N11969404,,,,,,,,,,,,,,,,,,,
d70707af-a5f2-4dbb-96d2-276b28ef802f,PE 11 voies 1 à 4,LightPoint,Technicentre SNCF Mericourt/,false,,Witti [Lamp],,,,,,Point,"[2.854175129790235,50.40690974510338]",,,,,,,,,,,,,,,,,,,,,,,,,,,,,,,,,,,,,,,,,,,,,,,,,,,,,,,,,,,,,,,,,,,,,,,,,,,,,,,,,,,,,,N2887400,2C:6B:7D:50:12:60,ON H24 100%,,,,2020-04-21T22:00:00.000Z,,33065,,,AKA-240,,,240,,4000,,,,,,,,,,,,,,,,,,,,,,,,,,,,,,,,,,7200,10,10,,N2887400,,,,,,,,,,,,,,,,,,,
aa229fcd-318c-47f0-ac4f-0cbbaa2dff9c,PE 11 voies 5 à 6,LightPoint,Technicentre SNCF Mericourt/,false,,Witti [Lamp],,,,,,Point,"[2.854621660615976,50.40685166076378]",,,,,,,,,,,,,,,,,,,,,,,,,,,,,,,,,,,,,,,,,,,,,,,,,,,,,,,,,,,,,,,,,,,,,,,,,,,,,,,,,,,,,,N15681308,2C:6B:7D:50:12:60,ON H24 100%,,,,2020-04-21T22:00:00.000Z,,33065,,,AKA-240,,,240,,4000,,,,,,,,,,,,,,,,,,,,,,,,,,,,,,,,,,7200,10,10,,N15681308,,,,,,,,,,,,,,,,,,,
b278b4d3-29c5-4976-bc0e-a2409eff1c33,PE 12 voie 1 à 4,LightPoint,Technicentre SNCF Mericourt/,false,,Witti [Lamp],,,,,[],Point,"[2.8540685817343103,50.406851978017016]",,,,,,,,,,,,,,,,,,,,,,,,,,,,,,,,,,,,,,,,,,,,,,,,,,,,,,,,,,,,,,,,,,,,,,,,,,,,,,,,,,,,,,N13531311,2C:6B:7D:50:12:60,ON H24 100%,,,,2020-04-22T21:19:00.000Z,,33065,,,AKA 240,,,240,,4000,,,,,,,,,,,,,,,,,,,,,,,,,,,,,,,,,,7200,10,10,,,,,,,,,,,,,,,,,,,,,
067327fa-5afe-4fb8-b954-388fb07c5e39,PE 12 voies 5 à 6,LightPoint,Technicentre SNCF Mericourt/,false,,Witti [Lamp],,,,,,Point,"[2.8547137911012612,50.40679964115617]",,,,,,,,,,,,,,,,,,,,,,,,,,,,,,,,,,,,,,,,,,,,,,,,,,,,,,,,,,,,,,,,,,,,,,,,,,,,,,,,,,,,,,N11777009,2C:6B:7D:50:12:60,ON H24 100%,,,,2020-04-21T22:00:00.000Z,,33065,,,AKA-240,,,240,,4000,,,,,,,,,,,,,,,,,,,,,,,,,,,,,,,,,,7200,10,10,,N11777009,,,,,,,,,,,,,,,,,,,
eaeb003c-ea5b-49a9-8f39-34a7290881b7,PE 13 voies 1 à 4,LightPoint,Technicentre SNCF Mericourt/,false,,Witti [Lamp],,,,,,Point,"[2.854248610443989,50.4068629135771]",,,,,,,,,,,,,,,,,,,,,,,,,,,,,,,,,,,,,,,,,,,,,,,,,,,,,,,,,,,,,,,,,,,,,,,,,,,,,,,,,,,,,,N13278937,2C:6B:7D:50:12:60,ON H24 100%,,,,2020-04-21T22:00:00.000Z,,33065,,,AKA-240,,,240,,4000,,,,,,,,,,,,,,,,,,,,,,,,,,,,,,,,,,7200,10,10,,N13278937,,,,,,,,,,,,,,,,,,,
3f0f78b7-dbe8-4a48-90b9-2c0f499e572d,PE 13 voies 5 à 6,LightPoint,Technicentre SNCF Mericourt/,false,,Witti [Lamp],,,,,,Point,"[2.854800490256281,50.406756972025164]",,,,,,,,,,,,,,,,,,,,,,,,,,,,,,,,,,,,,,,,,,,,,,,,,,,,,,,,,,,,,,,,,,,,,,,,,,,,,,,,,,,,,,N12607168,2C:6B:7D:50:12:60,ON H24 100%,,,,2020-04-21T22:00:00.000Z,,33065,,,AKA-240,,,240,,4000,,,,,,,,,,,,,,,,,,,,,,,,,,,,,,,,,,7200,10,10,,N12607168,,,,,,,,,,,,,,,,,,,
a62b5fd4-ff78-417d-b028-cf8673e50687,PE 14 voies 1 à 4,LightPoint,Technicentre SNCF Mericourt/,false,,Witti [Lamp],,,,,,Point,"[2.854160097370084,50.40680971313853]",,,,,,,,,,,,,,,,,,,,,,,,,,,,,,,,,,,,,,,,,,,,,,,,,,,,,,,,,,,,,,,,,,,,,,,,,,,,,,,,,,,,,,N591336,2C:6B:7D:50:12:60,ON H24 100%,,,,2020-04-21T22:00:00.000Z,,33065,,,AKA-240,,,240,,4000,,,,,,,,,,,,,,,,,,,,,,,,,,,,,,,,,,7200,10,10,,N591336,,,,,,,,,,,,,,,,,,,
8f66405e-71ec-4c04-9ac8-b704577cbe5c,PE 15 voies 1 à 4,LightPoint,Technicentre SNCF Mericourt/,false,,Witti [Lamp],,,,,,Point,"[2.8543108255152845,50.406813844957156]",,,,,,,,,,,,,,,,,,,,,,,,,,,,,,,,,,,,,,,,,,,,,,,,,,,,,,,,,,,,,,,,,,,,,,,,,,,,,,,,,,,,,,N11253391,2C:6B:7D:50:12:60,ON H24 100%,,,,2020-04-21T22:00:00.000Z,,33065,,,AKA-240,,,240,,4000,,,,,,,,,,,,,,,,,,,,,,,,,,,,,,,,,,7200,10,10,,N11253391,,,,,,,,,,,,,,,,,,,
0a619bd0-15de-40c6-a3b8-d8ef18c5e014,PE 16 voies 1 à 4,LightPoint,Technicentre SNCF Mericourt/,false,,Witti [Lamp],,,,,,Point,"[2.854237864310477,50.40677036494915]",,,,,,,,,,,,,,,,,,,,,,,,,,,,,,,,,,,,,,,,,,,,,,,,,,,,,,,,,,,,,,,,,,,,,,,,,,,,,,,,,,,,,,N6520338,2C:6B:7D:50:12:60,ON H24 100%,,,,2020-04-21T22:00:00.000Z,,33065,,,AKA-240,,,240,,4000,,,,,,,,,,,,,,,,,,,,,,,,,,,,,,,,,,7200,10,10,,N6520338,,,,,,,,,,,,,,,,,,,
3ff50a1c-6157-4501-ab01-eee6cb9c3239,PE 17 voies 1 à 4,LightPoint,Technicentre SNCF Mericourt/,false,,Witti [Lamp],,,,,,Point,"[2.854410710945359,50.406796393995194]",,,,,,,,,,,,,,,,,,,,,,,,,,,,,,,,,,,,,,,,,,,,,,,,,,,,,,,,,,,,,,,,,,,,,,,,,,,,,,,,,,,,,,N4757065,2C:6B:7D:50:12:60,ON H24 100%,,,,2020-04-21T22:00:00.000Z,,33065,,,AKA-240,,,240,,4000,,,,,,,,,,,,,,,,,,,,,,,,,,,,,,,,,,7200,10,10,,N4757065,,,,,,,,,,,,,,,,,,,
517ce728-20a6-45c8-8f9e-714e4316351a,PE 18 voies 1 à 4,LightPoint,Technicentre SNCF Mericourt/,false,,Witti [Lamp],,,,,,Point,"[2.854323258963376,50.406720893483566]",,,,,,,,,,,,,,,,,,,,,,,,,,,,,,,,,,,,,,,,,,,,,,,,,,,,,,,,,,,,,,,,,,,,,,,,,,,,,,,,,,,,,,N3623834,2C:6B:7D:50:12:60,ON H24 100%,,,,2020-04-21T22:00:00.000Z,,33065,,,AKA-240,,,240,,4000,,,,,,,,,,,,,,,,,,,,,,,,,,,,,,,,,,7200,10,10,,N3623834,,,,,,,,,,,,,,,,,,,
88a6c89e-f4f4-4d51-81a3-e62abafbadfa,PE 19 voies 1 à 4,LightPoint,Technicentre SNCF Mericourt/,false,,Witti [Lamp],,,,,,Point,"[2.8545143463244926,50.40675086704462]",,,,,,,,,,,,,,,,,,,,,,,,,,,,,,,,,,,,,,,,,,,,,,,,,,,,,,,,,,,,,,,,,,,,,,,,,,,,,,,,,,,,,,N6545077,2C:6B:7D:50:12:60,ON H24 100%,,,,2020-04-21T22:00:00.000Z,,33065,,,AKA-240,,,240,,4000,,,,,,,,,,,,,,,,,,,,,,,,,,,,,,,,,,7200,10,10,,N6545077,,,,,,,,,,,,,,,,,,,
722dffca-6d71-4a53-a0e3-b1ec3e6a2e8d,PE 20 voies 1 à 4,LightPoint,Technicentre SNCF Mericourt/,false,,Witti [Lamp],,,,,,Point,"[2.8544265529599784,50.40667055077253]",,,,,,,,,,,,,,,,,,,,,,,,,,,,,,,,,,,,,,,,,,,,,,,,,,,,,,,,,,,,,,,,,,,,,,,,,,,,,,,,,,,,,,N3498566,2C:6B:7D:50:12:60,ON H24 100%,,,,2020-04-21T22:00:00.000Z,,33065,,,AKA-240,,,240,,4000,,,,,,,,,,,,,,,,,,,,,,,,,,,,,,,,,,7200,10,10,,,,,,,,,,,,,,,,,,,,,
35c7864a-d7bb-4a7f-a585-711eca38690e,PE 21 voies 1 à 4,LightPoint,Technicentre SNCF Mericourt/,false,,Witti [Lamp],,,,,,Point,"[2.854612165773034,50.406709378816174]",,,,,,,,,,,,,,,,,,,,,,,,,,,,,,,,,,,,,,,,,,,,,,,,,,,,,,,,,,,,,,,,,,,,,,,,,,,,,,,,,,,,,,N7796368,2C:6B:7D:50:12:60,ON H24 100%,,,,2020-04-21T22:00:00.000Z,,33065,,,AKA-240,,,240,,4000,,,,,,,,,,,,,,,,,,,,,,,,,,,,,,,,,,7200,10,10,,N7796368,,,,,,,,,,,,,,,,,,,
07d1526f-f06b-4c49-9de5-904d9654e18e,PE 22 voies 1 à 4,LightPoint,Technicentre SNCF Mericourt/,false,,Witti [Lamp],,,,,,Point,"[2.854537053952072,50.4066268688741]",,,,,,,,,,,,,,,,,,,,,,,,,,,,,,,,,,,,,,,,,,,,,,,,,,,,,,,,,,,,,,,,,,,,,,,,,,,,,,,,,,,,,,N11453770,2C:6B:7D:50:12:60,ON H24 100%,,,,2020-04-21T22:00:00.000Z,,33065,,,AKA-240,,,240,,4000,,,,,,,,,,,,,,,,,,,,,,,,,,,,,,,,,,7200,10,10,,N11453770,,,,,,,,,,,,,,,,,,,
b2e63e2c-86ff-4054-b8f2-2bf0ca1df98d,PE 23 voie 1 à 4,LightPoint,Technicentre SNCF Mericourt/,false,,Witti [Lamp],,,,,[],Point,"[2.8543590320001897,50.40685857200373]",,,,,,,,,,,,,,,,,,,,,,,,,,,,,,,,,,,,,,,,,,,,,,,,,,,,,,,,,,,,,,,,,,,,,,,,,,,,,,,,,,,,,,N2697125,2C:6B:7D:50:12:60,ON H24 100%,,,,,,,,,,,,,,,,,,,,,,,,,,,,,,,,,,,,,,,,,,,,,,,,7200,10,10,,,,,,,,,,,,,,,,,,,,,
526307d5-ef19-460e-a628-2a42892ee973,PE Projecteur 1,LightPoint,Technicentre SNCF Mericourt/,false,,Witti [Lamp],,,,,,Point,"[2.8536229779172118,50.40717514030882]",,,,,,,,,,,,,,,,,,,,,,,,,,,,,,,,,,,,,,,,,,,,,,,,,,,,,,,,,,,,,,,,,,,,,,,,,,,,,,,,,,,,,,N14366101,2C:6B:7D:50:12:60,ON H24 100%,,,,2020-04-21T22:00:00.000Z,,,,,STR-200,,,200,,4000,,,,,,,,,,,,,,,,,,,,,,,,,,,,,,,,,,7200,10,10,,N14366101,,,,,,,,,,,,,,,,,,,
3f281512-1303-45ba-bc10-1fc7ffa0c46b,PE Projecteur 2,LightPoint,Technicentre SNCF Mericourt/,false,,Witti [Lamp],,,,,,Point,"[2.8535424983674886,50.40711572011472]",,,,,,,,,,,,,,,,,,,,,,,,,,,,,,,,,,,,,,,,,,,,,,,,,,,,,,,,,,,,,,,,,,,,,,,,,,,,,,,,,,,,,,N4343047,2C:6B:7D:50:12:60,ON H24 100%,,,,2020-04-21T22:00:00.000Z,,,,,STR-200,,,200,,4000,,,,,,,,,,,,,,,,,,,,,,,,,,,,,,,,,,7200,10,10,,N4343047,,,,,,,,,,,,,,,,,,,
ce43497b-d702-488c-ad0f-53fe03c879f1,PE Projecteur 3,LightPoint,Technicentre SNCF Mericourt/,false,,Witti [Lamp],,,,,,Point,"[2.8547194853000804,50.40664492439558]",,,,,,,,,,,,,,,,,,,,,,,,,,,,,,,,,,,,,,,,,,,,,,,,,,,,,,,,,,,,,,,,,,,,,,,,,,,,,,,,,,,,,,N10343481,2C:6B:7D:50:12:60,ON H24 100%,,,,2020-04-21T22:00:00.000Z,,,,,STR-200,,,200,,4000,,,,,,,,,,,,,,,,,,,,,,,,,,,,,,,,,,7200,10,10,,N10343481,,,,,,,,,,,,,,,,,,,
a75baf17-b8c3-4f31-a3df-c57800f8cf18,PE projecteur 4,LightPoint,Technicentre SNCF Mericourt/,false,,Witti [Lamp],,,,,,Point,"[2.854651437577701,50.406588092391445]",,,,,,,,,,,,,,,,,,,,,,,,,,,,,,,,,,,,,,,,,,,,,,,,,,,,,,,,,,,,,,,,,,,,,,,,,,,,,,,,,,,,,,N3842670,2C:6B:7D:50:12:60,ON H24 100%,,,,2020-04-21T22:00:00.000Z,,,,,STR-200,,,200,,4000,,,,,,,,,,,,,,,,,,,,,,,,,,,,,,,,,,7200,10,10,,N3842670,,,,,,,,,,,,,,,,,,,
